frame_idx,timestamp,stability_index,com_x,com_y,com_z,angle_left_hip,angle_right_hip,angle_left_knee,angle_right_knee,angle_left_ankle,angle_right_ankle,angle_left_shoulder,angle_right_shoulder,angle_left_elbow,angle_right_elbow,angle_spine,angle_neck,load_left_knee,load_right_knee,load_left_hip,load_right_hip,load_spine,load_left_ankle,load_right_ankle
0,0.0000,0.5000,0.0000,-0.0364,-3.1873,,,180.0000,180.0000,75.6600,126.3300,,,180.0000,180.0000,,,1172.4000,1172.4000,,,,1294.9000,1294.9000
1,0.0330,0.5000,0.0000,-0.1184,-3.0300,,,180.0000,180.0000,111.1300,139.5900,,,180.0000,180.0000,,,1172.4000,1172.4000,,,,1294.9000,1294.9000
2,0.0670,0.5000,0.0000,0.0882,-2.8609,,,180.0000,180.0000,18.8900,96.3700,,,180.0000,180.0000,,,1172.4000,1172.4000,,,,1294.9000,1294.9000
3,0.1000,0.5000,0.0000,-0.0580,-2.7974,,,180.0000,180.0000,102.7400,109.1800,,,180.0000,180.0000,,,1172.4000,1172.4000,,,,1294.9000,1294.9000
4,0.1330,0.5000,0.0000,0.0869,-2.8531,,,180.0000,180.0000,95.4600,23.3500,,,180.0000,180.0000,,,1172.4000,1172.4000,,,,1294.9000,1294.9000
5,0.1670,0.5000,0.0000,0.1013,-2.8149,,,180.0000,180.0000,59.4800,63.1400,,,180.0000,180.0000,,,1172.4000,1172.4000,,,,1294.9000,1294.9000
6,0.2000,0.5000,0.0000,0.0272,-2.8219,,,180.0000,180.0000,112.7700,49.8900,,,180.0000,180.0000,,,1172.4000,1172.4000,,,,1294.9000,1294.9000
7,0.2330,0.5000,0.0000,0.0753,-2.8424,,,180.0000,180.0000,98.6400,30.3200,,,180.0000,180.0000,,,1172.4000,1172.4000,,,,1294.9000,1294.9000
8,0.2670,0.5000,0.0000,0.0921,-2.8224,,,180.0000,180.0000,81.1700,43.9900,,,180.0000,180.0000,,,1172.4000,1172.4000,,,,1294.9000,1294.9000
9,0.3000,0.5000,0.0000,-0.0437,-2.9935,,,180.0000,180.0000,93.6700,110.5000,,,180.0000,180.0000,,,1172.4000,1172.4000,,,,1294.9000,1294.9000
10,0.3330,0.5000,0.0000,0.0553,-2.7970,,,180.0000,180.0000,70.0600,79.4700,,,180.0000,180.0000,,,1172.4000,1172.4000,,,,1294.9000,1294.9000
11,0.3670,0.5000,0.0000,-0.0374,-2.9934,,,180.0000,180.0000,90.3200,110.4300,,,180.0000,180.0000,,,1172.4000,1172.4000,,,,1294.9000,1294.9000
12,0.4000,0.5000,0.0000,-0.0454,-2.7940,,,180.0000,180.0000,100.1400,104.7200,,,180.0000,180.0000,,,1172.4000,1172.4000,,,,1294.9000,1294.9000
13,0.4330,0.5000,0.0000,0.0851,-2.8964,,,180.0000,180.0000,101.1800,0.0000,,,180.0000,180.0000,,,1172.4000,1172.4000,,,,1294.9000,1294.9000
14,0.4670,0.5000,0.0000,0.0311,-2.7981,,,180.0000,180.0000,95.8800,66.6300,,,180.0000,180.0000,,,1172.4000,1172.4000,,,,1294.9000,1294.9000
15,0.5000,0.5000,0.0000,0.0776,-3.0111,,,180.0000,180.0000,60.0200,76.3700,,,180.0000,180.0000,,,1172.4000,1172.4000,,,,1294.9000,1294.9000
16,0.5330,0.5000,-0.0086,-0.0150,-2.8637,,,180.0000,180.0000,46.9100,145.5700,,,180.0000,180.0000,,,1172.4000,1172.4000,,,,1294.9000,1294.9000
17,0.5670,0.5000,0.0000,0.1219,-3.1567,,,180.0000,180.0000,71.9800,32.2600,,,180.0000,180.0000,,,1172.4000,1172.4000,,,,1294.9000,1294.9000
18,0.6000,0.5000,0.0000,-0.0579,-3.0213,,,180.0000,180.0000,86.7600,127.2100,,,180.0000,180.0000,,,1172.4000,1172.4000,,,,1294.9000,1294.9000
19,0.6330,0.5000,0.0000,0.0273,-3.2093,,,180.0000,180.0000,82.6600,82.4800,,,180.0000,180.0000,,,1172.4000,1172.4000,,,,1294.9000,1294.9000
20,0.6670,0.5000,0.0000,0.0688,-3.0257,,,180.0000,180.0000,90.1100,49.1700,,,180.0000,180.0000,,,1172.4000,1172.4000,,,,1294.9000,1294.9000
21,0.7000,0.5000,0.0000,0.0902,-3.1645,,,180.0000,180.0000,33.9500,88.5600,,,180.0000,180.0000,,,1172.4000,1172.4000,,,,1294.9000,1294.9000
22,0.7330,0.5000,0.0000,-0.0692,-3.1350,,,180.0000,180.0000,73.0900,161.2000,,,180.0000,180.0000,,,1172.4000,1172.4000,,,,1294.9000,1294.9000
23,0.7670,0.5000,0.0000,0.1193,-3.0704,,,180.0000,180.0000,79.5200,18.4400,,,180.0000,180.0000,,,1172.4000,1172.4000,,,,1294.9000,1294.9000
24,0.8000,0.5000,0.0000,-0.0512,-3.2013,,,180.0000,180.0000,93.9000,114.6200,,,180.0000,180.0000,,,1172.4000,1172.4000,,,,1294.9000,1294.9000
25,0.8330,0.5000,0.0000,-0.0402,-3.0254,,,180.0000,180.0000,70.7500,135.2900,,,180.0000,180.0000,,,1172.4000,1172.4000,,,,1294.9000,1294.9000
26,0.8670,0.5000,0.0000,0.0504,-3.0054,,,180.0000,180.0000,82.1700,70.0300,,,180.0000,180.0000,,,1172.4000,1172.4000,,,,1294.9000,1294.9000
27,0.9000,0.5000,0.0000,0.0667,-3.0295,,,180.0000,180.0000,93.6900,45.9100,,,180.0000,180.0000,,,1172.4000,1172.4000,,,,1294.9000,1294.9000
28,0.9330,0.5000,0.0000,0.0006,-3.2101,,,180.0000,180.0000,95.3500,84.3100,,,180.0000,180.0000,,,1172.4000,1172.4000,,,,1294.9000,1294.9000
29,0.9670,0.5000,0.0000,0.1558,-3.1346,,,180.0000,180.0000,53.6200,28.0300,,,180.0000,180.0000,,,1172.4000,1172.4000,,,,1294.9000,1294.9000
30,1.0000,0.5000,0.0000,-0.0111,-3.0004,,,180.0000,180.0000,91.0500,94.9500,,,180.0000,180.0000,,,1172.4000,1172.4000,,,,1294.9000,1294.9000
31,1.0330,0.5000,0.0000,-0.0921,-3.0510,,,180.0000,180.0000,90.9200,148.8800,,,180.0000,180.0000,,,1172.4000,1172.4000,,,,1294.9000,1294.9000
32,1.0670,0.5000,0.0000,-0.0857,-3.1037,,,180.0000,180.0000,79.1800,180.0000,,,180.0000,180.0000,,,1172.4000,1172.4000,,,,1294.9000,1294.9000
33,1.1000,0.5000,0.0000,-0.0584,-3.0303,,,180.0000,180.0000,80.7600,135.5700,,,180.0000,180.0000,,,1172.4000,1172.4000,,,,1294.9000,1294.9000
34,1.1330,0.5000,0.0000,-0.0734,-3.1468,,,180.0000,180.0000,77.5800,155.5400,,,180.0000,180.0000,,,1172.4000,1172.4000,,,,1294.9000,1294.9000
35,1.1670,0.5000,0.0000,-0.0455,-3.2015,,,180.0000,180.0000,90.7900,114.6600,,,180.0000,180.0000,,,1172.4000,1172.4000,,,,1294.9000,1294.9000
36,1.2000,0.5000,0.0000,0.0378,-3.2043,,,180.0000,180.0000,69.3200,89.7400,,,180.0000,180.0000,,,1172.4000,1172.4000,,,,1294.9000,1294.9000
37,1.2330,0.5000,0.0000,0.1003,-3.0214,,,180.0000,180.0000,72.9700,48.9000,,,180.0000,180.0000,,,1172.4000,1172.4000,,,,1294.9000,1294.9000
38,1.2670,0.5000,0.0000,-0.0058,-2.9972,,,180.0000,180.0000,117.9300,65.5700,,,180.0000,180.0000,,,1172.4000,1172.4000,,,,1294.9000,1294.9000
39,1.3000,0.5000,0.0000,0.0977,-3.1053,,,180.0000,180.0000,94.2500,0.0000,,,180.0000,180.0000,,,1172.4000,1172.4000,,,,1294.9000,1294.9000
40,1.3330,0.5000,0.0000,0.0682,-3.1996,,,180.0000,180.0000,68.8900,73.3700,,,180.0000,180.0000,,,1172.4000,1172.4000,,,,1294.9000,1294.9000
41,1.3670,0.5000,0.0000,0.0459,-3.1840,,,180.0000,180.0000,102.0900,49.9100,,,180.0000,180.0000,,,1172.4000,1172.4000,,,,1294.9000,1294.9000
42,1.4000,0.5000,0.0000,-0.0671,-3.1980,,,180.0000,180.0000,100.6800,116.7700,,,180.0000,180.0000,,,1172.4000,1172.4000,,,,1294.9000,1294.9000
43,1.4330,0.5000,0.0000,0.1858,-3.0686,,,180.0000,180.0000,40.5000,0.0000,,,180.0000,180.0000,,,1172.4000,1172.4000,,,,1294.9000,1294.9000
44,1.4670,0.5000,0.0000,0.0165,-3.0024,,,180.0000,180.0000,93.9000,77.0500,,,180.0000,180.0000,,,1172.4000,1172.4000,,,,1294.9000,1294.9000
45,1.5000,0.5000,0.0000,-0.0645,-3.0069,,,180.0000,180.0000,101.7800,114.0000,,,180.0000,180.0000,,,1172.4000,1172.4000,,,,1294.9000,1294.9000
46,1.5330,0.5000,0.0000,0.1005,-3.0498,,,180.0000,180.0000,84.2600,31.5700,,,180.0000,180.0000,,,1172.4000,1172.4000,,,,1294.9000,1294.9000
47,1.5670,0.5000,0.0000,-0.0595,-3.0950,,,180.0000,180.0000,64.1300,180.0000,,,180.0000,180.0000,,,1172.4000,1172.4000,,,,1294.9000,1294.9000
48,1.6000,0.5000,0.0000,0.0812,-3.1027,,,180.0000,180.0000,103.3200,0.0000,,,180.0000,180.0000,,,1172.4000,1172.4000,,,,1294.9000,1294.9000
49,1.6330,0.5000,0.0000,-0.0857,-3.0325,,,180.0000,180.0000,94.9600,136.5300,,,180.0000,180.0000,,,1172.4000,1172.4000,,,,1294.9000,1294.9000
50,1.6670,0.5000,0.0000,0.1093,-3.0722,,,180.0000,180.0000,85.1100,18.2000,,,180.0000,180.0000,,,1172.4000,1172.4000,,,,1294.9000,1294.9000
51,1.7000,0.5000,0.0000,-0.0071,-2.9992,,,180.0000,180.0000,98.5900,85.2900,,,180.0000,180.0000,,,1172.4000,1172.4000,,,,1294.9000,1294.9000
52,1.7330,0.5000,0.0000,0.0922,-2.9762,,,180.0000,180.0000,48.7000,77.7000,,,180.0000,180.0000,,,1172.4000,1172.4000,,,,1294.9000,1294.9000
53,1.7670,0.5000,0.0000,0.0706,-3.0190,,,180.0000,180.0000,84.7500,54.7000,,,180.0000,180.0000,,,1172.4000,1172.4000,,,,1294.9000,1294.9000
54,1.8000,0.5000,0.0000,0.1191,-3.0460,,,180.0000,180.0000,73.9400,31.6600,,,180.0000,180.0000,,,1172.4000,1172.4000,,,,1294.9000,1294.9000
55,1.8330,0.5000,0.0000,-0.0656,-3.0187,,,180.0000,180.0000,92.9500,124.7600,,,180.0000,180.0000,,,1172.4000,1172.4000,,,,1294.9000,1294.9000
56,1.8670,0.5000,0.0000,0.1133,-3.0048,,,180.0000,180.0000,59.9700,55.0800,,,180.0000,180.0000,,,1172.4000,1172.4000,,,,1294.9000,1294.9000
57,1.9000,0.5000,0.0000,0.0826,-3.0554,,,180.0000,180.0000,95.7400,28.0400,,,180.0000,180.0000,,,1172.4000,1172.4000,,,,1294.9000,1294.9000
58,1.9330,0.5000,0.0000,0.0801,-3.0116,,,180.0000,180.0000,75.7400,59.2000,,,180.0000,180.0000,,,1172.4000,1172.4000,,,,1294.9000,1294.9000
59,1.9670,0.5000,0.0000,0.1269,-3.1034,,,180.0000,180.0000,78.3500,0.0000,,,180.0000,180.0000,,,1172.4000,1172.4000,,,,1294.9000,1294.9000
60,2.0000,0.5000,0.0000,-0.0264,-3.0042,,,180.0000,180.0000,88.3000,106.2700,,,180.0000,180.0000,,,1172.4000,1172.4000,,,,1294.9000,1294.9000
61,2.0330,0.5000,0.0000,-0.0429,-3.0190,,,180.0000,180.0000,78.9100,126.7700,,,180.0000,180.0000,,,1172.4000,1172.4000,,,,1294.9000,1294.9000
62,2.0670,0.5000,0.0000,0.1822,-2.9895,,,180.0000,180.0000,33.4500,26.8600,,,180.0000,180.0000,,,1172.4000,1172.4000,,,,1294.9000,1294.9000
63,2.1000,0.5000,0.0000,-0.0268,-3.0703,,,180.0000,180.0000,41.7900,180.0000,,,180.0000,180.0000,,,1172.4000,1172.4000,,,,1294.9000,1294.9000
64,2.1330,0.5000,0.0000,-0.0833,-3.1879,,,180.0000,180.0000,100.7700,127.0400,,,180.0000,180.0000,,,1172.4000,1172.4000,,,,1294.9000,1294.9000
65,2.1670,0.5000,0.0000,0.1691,-3.1162,,,180.0000,180.0000,48.1400,20.8600,,,180.0000,180.0000,,,1172.4000,1172.4000,,,,1294.9000,1294.9000
66,2.2000,0.5000,0.0000,-0.0668,-3.0039,,,180.0000,180.0000,105.1300,111.8200,,,180.0000,180.0000,,,1172.4000,1172.4000,,,,1294.9000,1294.9000
67,2.2330,0.5000,0.0000,0.0747,-3.1734,,,180.0000,180.0000,93.2700,40.1300,,,180.0000,180.0000,,,1172.4000,1172.4000,,,,1294.9000,1294.9000
68,2.2670,0.5000,0.0000,-0.0650,-3.0160,,,180.0000,180.0000,94.6600,122.3400,,,180.0000,180.0000,,,1172.4000,1172.4000,,,,1294.9000,1294.9000
69,2.3000,0.5000,0.0000,0.0458,-2.9965,,,180.0000,180.0000,73.0700,81.8100,,,180.0000,180.0000,,,1172.4000,1172.4000,,,,1294.9000,1294.9000
70,2.3330,0.5000,0.0000,0.0049,-2.9991,,,180.0000,180.0000,78.3900,98.8900,,,180.0000,180.0000,,,1172.4000,1172.4000,,,,1294.9000,1294.9000
71,2.3670,0.5000,0.0000,-0.0185,-3.0009,,,180.0000,180.0000,92.3800,97.6900,,,180.0000,180.0000,,,1172.4000,1172.4000,,,,1294.9000,1294.9000
72,2.4000,0.5000,0.0000,0.0620,-3.0220,,,180.0000,180.0000,91.4000,52.3000,,,180.0000,180.0000,,,1172.4000,1172.4000,,,,1294.9000,1294.9000
73,2.4330,0.5000,0.0000,0.0676,-3.0144,,,180.0000,180.0000,82.9300,58.8300,,,180.0000,180.0000,,,1172.4000,1172.4000,,,,1294.9000,1294.9000
74,2.4670,0.5000,0.0000,-0.0362,-3.0042,,,180.0000,180.0000,93.3100,106.5700,,,180.0000,180.0000,,,1172.4000,1172.4000,,,,1294.9000,1294.9000
75,2.5000,0.5000,0.0000,0.0444,-3.0015,,,180.0000,180.0000,79.7500,75.9600,,,180.0000,180.0000,,,1172.4000,1172.4000,,,,1294.9000,1294.9000
76,2.5330,0.5000,0.0000,0.1022,-3.1633,,,180.0000,180.0000,82.0800,33.8500,,,180.0000,180.0000,,,1172.4000,1172.4000,,,,1294.9000,1294.9000
77,2.5670,0.5000,0.0000,-0.0464,-3.1664,,,180.0000,180.0000,70.4700,140.6600,,,180.0000,180.0000,,,1172.4000,1172.4000,,,,1294.9000,1294.9000
78,2.6000,0.5000,0.0000,0.0036,-3.2097,,,180.0000,180.0000,82.4900,95.5500,,,180.0000,180.0000,,,1172.4000,1172.4000,,,,1294.9000,1294.9000
79,2.6330,0.5000,0.0000,-0.0108,-3.0010,,,180.0000,180.0000,98.3400,87.5600,,,180.0000,180.0000,,,1172.4000,1172.4000,,,,1294.9000,1294.9000
80,2.6670,0.5000,0.0000,-0.0301,-2.9974,,,180.0000,180.0000,93.3700,103.0900,,,180.0000,180.0000,,,1172.4000,1172.4000,,,,1294.9000,1294.9000
81,2.7000,0.5000,0.0000,0.0309,-2.7956,,,180.0000,180.0000,93.1500,69.6500,,,180.0000,180.0000,,,1172.4000,1172.4000,,,,1294.9000,1294.9000
82,2.7330,0.5000,0.0000,-0.0291,-3.0015,,,180.0000,180.0000,100.9800,94.8900,,,180.0000,180.0000,,,1172.4000,1172.4000,,,,1294.9000,1294.9000
83,2.7670,0.5000,0.0000,-0.1137,-2.8690,,,180.0000,180.0000,96.2200,165.7000,,,180.0000,180.0000,,,1172.4000,1172.4000,,,,1294.9000,1294.9000
84,2.8000,0.5000,0.0000,0.0624,-2.8398,,,180.0000,180.0000,104.2000,33.2400,,,180.0000,180.0000,,,1172.4000,1172.4000,,,,1294.9000,1294.9000
85,2.8330,0.5000,0.0000,-0.0672,-2.8014,,,180.0000,180.0000,102.1100,115.2900,,,180.0000,180.0000,,,1172.4000,1172.4000,,,,1294.9000,1294.9000
86,2.8670,0.5000,0.0000,0.0447,-2.8131,,,180.0000,180.0000,100.9900,52.1300,,,180.0000,180.0000,,,1172.4000,1172.4000,,,,1294.9000,1294.9000
87,2.9000,0.5000,0.0000,0.0468,-2.9725,,,180.0000,180.0000,105.5400,44.6800,,,180.0000,180.0000,,,1172.4000,1172.4000,,,,1294.9000,1294.9000
88,2.9330,0.5000,0.0000,-0.0857,-2.8286,,,180.0000,180.0000,91.7800,141.3700,,,180.0000,180.0000,,,1172.4000,1172.4000,,,,1294.9000,1294.9000
89,2.9670,0.5000,0.0000,0.0917,-2.8293,,,180.0000,180.0000,85.1100,38.4100,,,180.0000,180.0000,,,1172.4000,1172.4000,,,,1294.9000,1294.9000
90,3.0000,0.5000,0.0000,-0.0910,-2.8357,,,180.0000,180.0000,91.8300,146.1200,,,180.0000,180.0000,,,1172.4000,1172.4000,,,,1294.9000,1294.9000
91,3.0330,0.5000,0.0000,0.1189,-2.9306,,,180.0000,180.0000,19.0000,79.5600,,,180.0000,180.0000,,,1172.4000,1172.4000,,,,1294.9000,1294.9000
92,3.0670,0.5000,0.0000,0.0365,-2.9960,,,180.0000,180.0000,86.1800,73.7900,,,180.0000,180.0000,,,1172.4000,1172.4000,,,,1294.9000,1294.9000
93,3.1000,0.5000,0.0000,0.0727,-2.9511,,,180.0000,180.0000,99.4200,31.5800,,,180.0000,180.0000,,,1172.4000,1172.4000,,,,1294.9000,1294.9000
94,3.1330,0.5000,0.0000,-0.0737,-2.8190,,,180.0000,180.0000,89.9500,134.3400,,,180.0000,180.0000,,,1172.4000,1172.4000,,,,1294.9000,1294.9000
95,3.1670,0.5000,0.0000,-0.0981,-2.8367,,,180.0000,180.0000,95.4600,146.5200,,,180.0000,180.0000,,,1172.4000,1172.4000,,,,1294.9000,1294.9000
96,3.2000,0.5000,0.0000,-0.0496,-2.7952,,,180.0000,180.0000,100.2000,107.0000,,,180.0000,180.0000,,,1172.4000,1172.4000,,,,1294.9000,1294.9000
97,3.2330,0.5000,0.0000,0.0932,-2.8952,,,180.0000,180.0000,96.7300,0.0000,,,180.0000,180.0000,,,1172.4000,1172.4000,,,,1294.9000,1294.9000
98,3.2670,0.5000,0.0000,0.1179,-2.8583,,,180.0000,180.0000,79.4100,21.0900,,,180.0000,180.0000,,,1172.4000,1172.4000,,,,1294.9000,1294.9000
99,3.3000,0.5000,0.0000,-0.0009,-2.7904,,,180.0000,180.0000,97.0300,83.4500,,,180.0000,180.0000,,,1172.4000,1172.4000,,,,1294.9000,1294.9000
100,3.3330,0.5000,0.0000,-0.0894,-2.8294,,,180.0000,180.0000,93.4700,141.8300,,,180.0000,180.0000,,,1172.4000,1172.4000,,,,1294.9000,1294.9000
101,3.3670,0.5000,0.0000,0.0848,-2.8965,,,180.0000,180.0000,101.3100,0.0000,,,180.0000,180.0000,,,1172.4000,1172.4000,,,,1294.9000,1294.9000
102,3.4000,0.5000,0.0000,-0.0577,-2.8001,,,180.0000,180.0000,96.3000,115.9200,,,180.0000,180.0000,,,1172.4000,1172.4000,,,,1294.9000,1294.9000
103,3.4330,0.5000,0.0000,-0.0892,-2.8176,,,180.0000,180.0000,100.1600,131.9800,,,180.0000,180.0000,,,1172.4000,1172.4000,,,,1294.9000,1294.9000
104,3.4670,0.5000,0.0000,0.0934,-2.8951,,,180.0000,180.0000,96.6200,0.0000,,,180.0000,180.0000,,,1172.4000,1172.4000,,,,1294.9000,1294.9000
105,3.5000,0.5000,0.0000,-0.0668,-2.8032,,,180.0000,180.0000,98.6200,118.8700,,,180.0000,180.0000,,,1172.4000,1172.4000,,,,1294.9000,1294.9000
106,3.5330,0.5000,0.0000,0.0843,-3.0251,,,180.0000,180.0000,81.9400,48.8000,,,180.0000,180.0000,,,1172.4000,1172.4000,,,,1294.9000,1294.9000
107,3.5670,0.5000,0.0000,-0.0268,-3.0062,,,180.0000,180.0000,84.4200,110.5900,,,180.0000,180.0000,,,1172.4000,1172.4000,,,,1294.9000,1294.9000
108,3.6000,0.5000,0.0000,0.0992,-3.1596,,,180.0000,180.0000,85.2200,31.0600,,,180.0000,180.0000,,,1172.4000,1172.4000,,,,1294.9000,1294.9000
109,3.6330,0.5000,0.0000,-0.0488,-3.0388,,,180.0000,180.0000,68.7100,145.6700,,,180.0000,180.0000,,,1172.4000,1172.4000,,,,1294.9000,1294.9000
110,3.6670,0.5000,0.0000,0.0683,-3.0062,,,180.0000,180.0000,76.2500,65.8200,,,180.0000,180.0000,,,1172.4000,1172.4000,,,,1294.9000,1294.9000
111,3.7000,0.5000,0.0000,0.1722,-3.1117,,,180.0000,180.0000,46.5500,19.3900,,,180.0000,180.0000,,,1172.4000,1172.4000,,,,1294.9000,1294.9000
112,3.7330,0.5000,0.0000,0.1040,-3.1608,,,180.0000,180.0000,81.9700,32.2400,,,180.0000,180.0000,,,1172.4000,1172.4000,,,,1294.9000,1294.9000
113,3.7670,0.5000,0.0000,0.0845,-3.1431,,,180.0000,180.0000,97.5000,21.3300,,,180.0000,180.0000,,,1172.4000,1172.4000,,,,1294.9000,1294.9000
114,3.8000,0.5000,0.0000,0.1102,-3.1055,,,180.0000,180.0000,87.5000,0.0000,,,180.0000,180.0000,,,1172.4000,1172.4000,,,,1294.9000,1294.9000
115,3.8330,0.5000,0.0000,-0.0354,-3.0073,,,180.0000,180.0000,88.2600,111.4500,,,180.0000,180.0000,,,1172.4000,1172.4000,,,,1294.9000,1294.9000
116,3.8670,0.5000,0.0000,0.0763,-3.0348,,,180.0000,180.0000,91.1100,42.0700,,,180.0000,180.0000,,,1172.4000,1172.4000,,,,1294.9000,1294.9000
117,3.9000,0.5000,0.0000,0.0215,-3.0017,,,180.0000,180.0000,88.6800,79.5900,,,180.0000,180.0000,,,1172.4000,1172.4000,,,,1294.9000,1294.9000
118,3.9330,0.5000,0.0000,0.0197,-3.0018,,,180.0000,180.0000,89.7100,79.5200,,,180.0000,180.0000,,,1172.4000,1172.4000,,,,1294.9000,1294.9000
119,3.9670,0.5000,0.0000,0.1195,-3.1046,,,180.0000,180.0000,82.4100,0.0000,,,180.0000,180.0000,,,1172.4000,1172.4000,,,,1294.9000,1294.9000
120,4.0000,0.5000,0.0000,0.0946,-3.0857,,,180.0000,180.0000,94.9900,10.6200,,,180.0000,180.0000,,,1172.4000,1172.4000,,,,1294.9000,1294.9000
121,4.0330,0.5000,0.0000,0.0637,-2.9560,,,180.0000,180.0000,33.8100,103.1700,,,180.0000,180.0000,,,1172.4000,1172.4000,,,,1294.9000,1294.9000
122,4.0670,0.5000,0.0000,-0.1172,-3.1049,,,180.0000,180.0000,96.3400,180.0000,,,180.0000,180.0000,,,1172.4000,1172.4000,,,,1294.9000,1294.9000
123,4.1000,0.5000,0.0000,-0.0352,-3.0242,,,180.0000,180.0000,67.1400,136.1900,,,180.0000,180.0000,,,1172.4000,1172.4000,,,,1294.9000,1294.9000
124,4.1330,0.5000,0.0000,-0.0426,-3.1864,,,180.0000,180.0000,77.8300,127.9300,,,180.0000,180.0000,,,1172.4000,1172.4000,,,,1294.9000,1294.9000
125,4.1670,0.5000,0.0000,-0.0929,-3.0472,,,180.0000,180.0000,92.6300,146.5400,,,180.0000,180.0000,,,1172.4000,1172.4000,,,,1294.9000,1294.9000
126,4.2000,0.5000,0.0000,-0.0070,-2.9982,,,180.0000,180.0000,106.5700,77.3700,,,180.0000,180.0000,,,1172.4000,1172.4000,,,,1294.9000,1294.9000
127,4.2330,0.5000,0.0000,-0.0553,-3.0070,,,180.0000,180.0000,98.0600,112.5700,,,180.0000,180.0000,,,1172.4000,1172.4000,,,,1294.9000,1294.9000
128,4.2670,0.5000,0.0000,0.1076,-3.1055,,,180.0000,180.0000,88.8900,0.0000,,,180.0000,180.0000,,,1172.4000,1172.4000,,,,1294.9000,1294.9000
129,4.3000,0.5000,0.0000,0.1137,-3.1052,,,180.0000,180.0000,85.5500,0.0000,,,180.0000,180.0000,,,1172.4000,1172.4000,,,,1294.9000,1294.9000
130,4.3330,0.5000,0.0000,-0.0447,-3.2063,,,180.0000,180.0000,101.0600,103.3700,,,180.0000,180.0000,,,1172.4000,1172.4000,,,,1294.9000,1294.9000
131,4.3670,0.5000,0.0000,-0.0094,-2.9980,,,180.0000,180.0000,104.6300,80.5700,,,180.0000,180.0000,,,1172.4000,1172.4000,,,,1294.9000,1294.9000
132,4.4000,0.5000,0.0000,0.0393,-3.0112,,,180.0000,180.0000,94.7800,62.9300,,,180.0000,180.0000,,,1172.4000,1172.4000,,,,1294.9000,1294.9000
133,4.4330,0.5000,0.0000,0.0660,-3.0206,,,180.0000,180.0000,88.2200,53.5300,,,180.0000,180.0000,,,1172.4000,1172.4000,,,,1294.9000,1294.9000
134,4.4670,0.5000,0.0000,0.0134,-3.1520,,,180.0000,180.0000,128.6600,41.2500,,,180.0000,180.0000,,,1172.4000,1172.4000,,,,1294.9000,1294.9000
135,4.5000,0.5000,0.0000,-0.0484,-3.0065,,,180.0000,180.0000,95.7600,111.0200,,,180.0000,180.0000,,,1172.4000,1172.4000,,,,1294.9000,1294.9000
136,4.5330,0.5000,0.0000,0.1308,-3.1025,,,180.0000,180.0000,76.1700,0.0000,,,180.0000,180.0000,,,1172.4000,1172.4000,,,,1294.9000,1294.9000
137,4.5670,0.5000,0.0000,-0.0622,-3.0104,,,180.0000,180.0000,97.8500,116.9100,,,180.0000,180.0000,,,1172.4000,1172.4000,,,,1294.9000,1294.9000
138,4.6000,0.5000,0.0000,0.0026,-3.0013,,,180.0000,180.0000,115.5000,62.9400,,,180.0000,180.0000,,,1172.4000,1172.4000,,,,1294.9000,1294.9000
139,4.6330,0.5000,0.0000,0.0430,-3.1853,,,180.0000,180.0000,102.6000,51.2600,,,180.0000,180.0000,,,1172.4000,1172.4000,,,,1294.9000,1294.9000
140,4.6670,0.5000,0.0000,0.0084,-3.2090,,,180.0000,180.0000,79.8300,95.5600,,,180.0000,180.0000,,,1172.4000,1172.4000,,,,1294.9000,1294.9000
141,4.7000,0.5000,0.0000,-0.0446,-3.2022,,,180.0000,180.0000,91.2200,113.6800,,,180.0000,180.0000,,,1172.4000,1172.4000,,,,1294.9000,1294.9000
142,4.7330,0.5000,0.0000,-0.1044,-3.1055,,,180.0000,180.0000,89.3600,180.0000,,,180.0000,180.0000,,,1172.4000,1172.4000,,,,1294.9000,1294.9000
143,4.7670,0.5000,0.0000,0.0340,-2.9983,,,180.0000,180.0000,77.9300,83.5000,,,180.0000,180.0000,,,1172.4000,1172.4000,,,,1294.9000,1294.9000
144,4.8000,0.5000,0.0000,0.0650,-3.1509,,,180.0000,180.0000,105.5900,27.8200,,,180.0000,180.0000,,,1172.4000,1172.4000,,,,1294.9000,1294.9000
145,4.8330,0.5000,0.0000,-0.0491,-3.2036,,,180.0000,180.0000,96.2700,110.8500,,,180.0000,180.0000,,,1172.4000,1172.4000,,,,1294.9000,1294.9000
146,4.8670,0.5000,0.0000,0.0716,-3.1963,,,180.0000,180.0000,78.2600,61.6600,,,180.0000,180.0000,,,1172.4000,1172.4000,,,,1294.9000,1294.9000
147,4.9000,0.5000,0.0000,-0.1454,-3.0977,,,180.0000,180.0000,112.1900,180.0000,,,180.0000,180.0000,,,1172.4000,1172.4000,,,,1294.9000,1294.9000
148,4.9330,0.5000,0.0000,0.1289,-3.1029,,,180.0000,180.0000,77.2200,0.0000,,,180.0000,180.0000,,,1172.4000,1172.4000,,,,1294.9000,1294.9000
149,4.9670,0.5000,0.0000,0.0923,-2.9869,,,180.0000,180.0000,55.7300,71.8900,,,180.0000,180.0000,,,1172.4000,1172.4000,,,,1294.9000,1294.9000
150,5.0000,0.5000,0.0000,-0.0994,-3.0179,,,180.0000,180.0000,108.3800,128.7900,,,180.0000,180.0000,,,1172.4000,1172.4000,,,,1294.9000,1294.9000
151,5.0330,0.5000,0.0000,0.0135,-2.9994,,,180.0000,180.0000,83.8200,88.8200,,,180.0000,180.0000,,,1172.4000,1172.4000,,,,1294.9000,1294.9000
152,5.0670,0.5000,0.0000,0.0027,-3.0003,,,180.0000,180.0000,94.9300,83.6100,,,180.0000,180.0000,,,1172.4000,1172.4000,,,,1294.9000,1294.9000
153,5.1000,0.5000,0.0000,0.0645,-3.1916,,,180.0000,180.0000,88.1500,54.6300,,,180.0000,180.0000,,,1172.4000,1172.4000,,,,1294.9000,1294.9000
154,5.1330,0.5000,0.0000,-0.0464,-3.0094,,,180.0000,180.0000,91.5400,114.3800,,,180.0000,180.0000,,,1172.4000,1172.4000,,,,1294.9000,1294.9000
155,5.1670,0.5000,0.0000,0.1323,-3.1021,,,180.0000,180.0000,75.3100,0.0000,,,180.0000,180.0000,,,1172.4000,1172.4000,,,,1294.9000,1294.9000
156,5.2000,0.5000,0.0000,-0.0236,-2.9997,,,180.0000,180.0000,97.2100,95.6100,,,180.0000,180.0000,,,1172.4000,1172.4000,,,,1294.9000,1294.9000
157,5.2330,0.5000,0.0000,0.0564,-3.0215,,,180.0000,180.0000,94.2500,52.5300,,,180.0000,180.0000,,,1172.4000,1172.4000,,,,1294.9000,1294.9000
158,5.2670,0.5000,0.0000,0.0783,-3.1393,,,180.0000,180.0000,101.4500,19.8700,,,180.0000,180.0000,,,1172.4000,1172.4000,,,,1294.9000,1294.9000
159,5.3000,0.5000,0.0000,0.0187,-3.2082,,,180.0000,180.0000,92.9200,76.8000,,,180.0000,180.0000,,,1172.4000,1172.4000,,,,1294.9000,1294.9000
160,5.3330,0.5000,0.0000,-0.0307,-3.0137,,,180.0000,180.0000,75.1900,123.1400,,,180.0000,180.0000,,,1172.4000,1172.4000,,,,1294.9000,1294.9000
161,5.3670,0.5000,0.0000,0.0828,-3.1908,,,180.0000,180.0000,76.3700,56.6900,,,180.0000,180.0000,,,1172.4000,1172.4000,,,,1294.9000,1294.9000
162,5.4000,0.5000,0.0000,0.0763,-2.9856,,,180.0000,180.0000,57.7600,79.0700,,,180.0000,180.0000,,,1172.4000,1172.4000,,,,1294.9000,1294.9000
163,5.4330,0.5000,0.0000,0.0765,-3.0111,,,180.0000,180.0000,76.7500,60.2600,,,180.0000,180.0000,,,1172.4000,1172.4000,,,,1294.9000,1294.9000
164,5.4670,0.5000,0.0000,-0.0815,-3.1028,,,180.0000,180.0000,76.8400,180.0000,,,180.0000,180.0000,,,1172.4000,1172.4000,,,,1294.9000,1294.9000
165,5.5000,0.5000,0.0000,0.0923,-2.8953,,,180.0000,180.0000,97.2200,0.0000,,,180.0000,180.0000,,,1172.4000,1172.4000,,,,1294.9000,1294.9000
166,5.5330,0.5000,0.0000,0.0051,-2.9993,,,180.0000,180.0000,96.9200,80.2700,,,180.0000,180.0000,,,1172.4000,1172.4000,,,,1294.9000,1294.9000
167,5.5670,0.5000,0.0000,0.0256,-2.7953,,,180.0000,180.0000,95.1200,70.6000,,,180.0000,180.0000,,,1172.4000,1172.4000,,,,1294.9000,1294.9000
168,5.6000,0.5000,0.0000,0.0839,-2.9706,,,180.0000,180.0000,84.4000,45.8000,,,180.0000,180.0000,,,1172.4000,1172.4000,,,,1294.9000,1294.9000
169,5.6330,0.5000,0.0000,-0.0285,-2.9837,,,180.0000,180.0000,69.1600,128.7400,,,180.0000,180.0000,,,1172.4000,1172.4000,,,,1294.9000,1294.9000
170,5.6670,0.5000,0.0000,0.1339,-3.1307,,,180.0000,180.0000,16.7300,71.8800,,,180.0000,180.0000,,,1172.4000,1172.4000,,,,1294.9000,1294.9000
171,5.7000,0.5000,0.0000,0.0737,-2.8994,,,180.0000,180.0000,107.5700,0.0000,,,180.0000,180.0000,,,1172.4000,1172.4000,,,,1294.9000,1294.9000
172,5.7330,0.5000,0.0000,-0.0321,-2.7939,,,180.0000,180.0000,90.0200,107.6900,,,180.0000,180.0000,,,1172.4000,1172.4000,,,,1294.9000,1294.9000
173,5.7670,0.5000,0.0000,0.0947,-2.8950,,,180.0000,180.0000,95.9100,0.0000,,,180.0000,180.0000,,,1172.4000,1172.4000,,,,1294.9000,1294.9000
174,5.8000,0.5000,0.0000,0.0936,-2.9584,,,180.0000,180.0000,84.9400,36.9900,,,180.0000,180.0000,,,1172.4000,1172.4000,,,,1294.9000,1294.9000
175,5.8330,0.5000,0.0000,0.0762,-2.8986,,,180.0000,180.0000,106.1200,0.0000,,,180.0000,180.0000,,,1172.4000,1172.4000,,,,1294.9000,1294.9000
176,5.8670,0.5000,0.0000,0.0963,-2.8949,,,180.0000,180.0000,95.0400,0.0000,,,180.0000,180.0000,,,1172.4000,1172.4000,,,,1294.9000,1294.9000
177,5.9000,0.5000,0.0000,0.0177,-2.7973,,,180.0000,180.0000,100.4400,69.5500,,,180.0000,180.0000,,,1172.4000,1172.4000,,,,1294.9000,1294.9000
178,5.9330,0.5000,0.0000,-0.0131,-2.7893,,,180.0000,180.0000,93.0300,94.1000,,,180.0000,180.0000,,,1172.4000,1172.4000,,,,1294.9000,1294.9000
179,5.9670,0.5000,0.0000,-0.0701,-2.9006,,,180.0000,180.0000,70.3900,180.0000,,,180.0000,180.0000,,,1172.4000,1172.4000,,,,1294.9000,1294.9000
180,6.0000,0.5000,0.0000,0.0896,-2.8957,,,180.0000,180.0000,98.7100,0.0000,,,180.0000,180.0000,,,1172.4000,1172.4000,,,,1294.9000,1294.9000
181,6.0330,0.5000,0.0000,-0.0856,-2.8098,,,180.0000,180.0000,105.3700,123.0600,,,180.0000,180.0000,,,1172.4000,1172.4000,,,,1294.9000,1294.9000
182,6.0670,0.5000,0.0000,0.1320,-2.8540,,,180.0000,180.0000,69.0800,26.6800,,,180.0000,180.0000,,,1172.4000,1172.4000,,,,1294.9000,1294.9000
183,6.1000,0.5000,0.0000,0.1283,-2.8969,,,180.0000,180.0000,77.5300,0.0000,,,180.0000,180.0000,,,1172.4000,1172.4000,,,,1294.9000,1294.9000
184,6.1330,0.5000,0.0000,-0.0304,-2.7911,,,180.0000,180.0000,98.6300,97.9200,,,180.0000,180.0000,,,1172.4000,1172.4000,,,,1294.9000,1294.9000
185,6.1670,0.5000,0.0000,0.0692,-2.9617,,,180.0000,180.0000,96.9500,39.0400,,,180.0000,180.0000,,,1172.4000,1172.4000,,,,1294.9000,1294.9000
186,6.2000,0.5000,0.0000,0.1880,-2.9340,,,180.0000,180.0000,38.6700,0.0000,,,180.0000,180.0000,,,1172.4000,1172.4000,,,,1294.9000,1294.9000
187,6.2330,0.5000,0.0000,0.0830,-2.9371,,,180.0000,180.0000,97.6300,23.2500,,,180.0000,180.0000,,,1172.4000,1172.4000,,,,1294.9000,1294.9000
188,6.2670,0.5000,0.0000,-0.0055,-2.7916,,,180.0000,180.0000,100.5700,82.4600,,,180.0000,180.0000,,,1172.4000,1172.4000,,,,1294.9000,1294.9000
189,6.3000,0.5000,-0.0077,0.1943,-3.0166,,,180.0000,180.0000,17.9800,27.2100,,,180.0000,180.0000,,,1172.4000,1172.4000,,,,1294.9000,1294.9000
190,6.3330,0.5000,0.0000,0.1151,-3.0708,,,180.0000,180.0000,81.7800,18.5900,,,180.0000,180.0000,,,1172.4000,1172.4000,,,,1294.9000,1294.9000
191,6.3670,0.5000,0.0000,-0.0041,-3.0004,,,180.0000,180.0000,85.8900,96.3300,,,180.0000,180.0000,,,1172.4000,1172.4000,,,,1294.9000,1294.9000
192,6.4000,0.5000,0.0000,0.0958,-2.9990,,,180.0000,180.0000,62.4100,63.6300,,,180.0000,180.0000,,,1172.4000,1172.4000,,,,1294.9000,1294.9000
193,6.4330,0.5000,0.0000,0.0922,-3.1817,,,180.0000,180.0000,78.2000,47.9800,,,180.0000,180.0000,,,1172.4000,1172.4000,,,,1294.9000,1294.9000
194,6.4670,0.5000,0.0000,0.1148,-3.0402,,,180.0000,180.0000,74.1000,35.5400,,,180.0000,180.0000,,,1172.4000,1172.4000,,,,1294.9000,1294.9000
195,6.5000,0.5000,0.0000,0.0443,-3.0075,,,180.0000,180.0000,87.3300,68.0900,,,180.0000,180.0000,,,1172.4000,1172.4000,,,,1294.9000,1294.9000
196,6.5330,0.5000,0.0000,0.0886,-2.9791,,,180.0000,180.0000,51.1600,77.7200,,,180.0000,180.0000,,,1172.4000,1172.4000,,,,1294.9000,1294.9000
197,6.5670,0.5000,0.0000,-0.0552,-3.1958,,,180.0000,180.0000,90.2700,121.2300,,,180.0000,180.0000,,,1172.4000,1172.4000,,,,1294.9000,1294.9000
198,6.6000,0.5000,0.0000,0.1489,-3.1242,,,180.0000,180.0000,63.1200,16.5500,,,180.0000,180.0000,,,1172.4000,1172.4000,,,,1294.9000,1294.9000
199,6.6330,0.5000,0.0000,-0.0045,-3.0005,,,180.0000,180.0000,84.8600,97.5800,,,180.0000,180.0000,,,1172.4000,1172.4000,,,,1294.9000,1294.9000
200,6.6670,0.5000,0.0000,-0.0530,-3.0091,,,180.0000,180.0000,95.0300,114.4500,,,180.0000,180.0000,,,1172.4000,1172.4000,,,,1294.9000,1294.9000
201,6.7000,0.5000,0.0000,0.1023,-2.8860,,,180.0000,180.0000,4.6300,91.5700,,,180.0000,180.0000,,,1172.4000,1172.4000,,,,1294.9000,1294.9000
202,6.7330,0.5000,0.0000,0.0554,-3.2000,,,180.0000,180.0000,85.1000,63.9300,,,180.0000,180.0000,,,1172.4000,1172.4000,,,,1294.9000,1294.9000
203,6.7670,0.5000,0.0000,0.0337,-3.1765,,,180.0000,180.0000,110.8300,47.5500,,,180.0000,180.0000,,,1172.4000,1172.4000,,,,1294.9000,1294.9000
204,6.8000,0.5000,0.0000,-0.0468,-3.1643,,,180.0000,180.0000,69.9000,141.8600,,,180.0000,180.0000,,,1172.4000,1172.4000,,,,1294.9000,1294.9000
205,6.8330,0.5000,0.0000,-0.0517,-3.0109,,,180.0000,180.0000,92.5900,116.4100,,,180.0000,180.0000,,,1172.4000,1172.4000,,,,1294.9000,1294.9000
206,6.8670,0.5000,0.0000,-0.0730,-3.1004,,,180.0000,180.0000,72.0600,180.0000,,,180.0000,180.0000,,,1172.4000,1172.4000,,,,1294.9000,1294.9000
207,6.9000,0.5000,0.0000,-0.0670,-3.1962,,,180.0000,180.0000,98.0300,119.6900,,,180.0000,180.0000,,,1172.4000,1172.4000,,,,1294.9000,1294.9000
208,6.9330,0.5000,0.0000,-0.0485,-3.1841,,,180.0000,180.0000,79.1700,130.3500,,,180.0000,180.0000,,,1172.4000,1172.4000,,,,1294.9000,1294.9000
209,6.9670,0.5000,0.0000,0.0285,-3.1887,,,180.0000,180.0000,106.7300,56.0900,,,180.0000,180.0000,,,1172.4000,1172.4000,,,,1294.9000,1294.9000
210,7.0000,0.5000,0.0000,0.0835,-3.1666,,,180.0000,180.0000,91.4000,35.3800,,,180.0000,180.0000,,,1172.4000,1172.4000,,,,1294.9000,1294.9000
211,7.0330,0.5000,0.0000,0.0902,-3.1833,,,180.0000,180.0000,78.3800,49.2300,,,180.0000,180.0000,,,1172.4000,1172.4000,,,,1294.9000,1294.9000
212,7.0670,0.5000,0.0000,0.1153,-3.1051,,,180.0000,180.0000,84.6800,0.0000,,,180.0000,180.0000,,,1172.4000,1172.4000,,,,1294.9000,1294.9000
213,7.1000,0.5000,0.0000,0.1009,-3.1055,,,180.0000,180.0000,92.5100,0.0000,,,180.0000,180.0000,,,1172.4000,1172.4000,,,,1294.9000,1294.9000
214,7.1330,0.5000,0.0123,-0.1617,-3.0885,,,180.0000,180.0000,122.1600,180.0000,,,180.0000,180.0000,,,1172.4000,1172.4000,,,,1294.9000,1294.9000
215,7.1670,0.5000,0.0000,0.0550,-3.2020,,,180.0000,180.0000,82.2000,67.3100,,,180.0000,180.0000,,,1172.4000,1172.4000,,,,1294.9000,1294.9000
216,7.2000,0.5000,0.0018,0.0381,-3.1421,,,180.0000,180.0000,120.7900,29.1900,,,180.0000,180.0000,,,1172.4000,1172.4000,,,,1294.9000,1294.9000
217,7.2330,0.5000,0.0000,-0.1636,-2.9657,,,180.0000,180.0000,154.1900,130.4800,,,180.0000,180.0000,,,1172.4000,1172.4000,,,,1294.9000,1294.9000
218,7.2670,0.5000,0.0000,-0.0103,-2.8098,,,180.0000,180.0000,118.6500,67.5200,,,180.0000,180.0000,,,1172.4000,1172.4000,,,,1294.9000,1294.9000
219,7.3000,0.5000,0.0000,-0.0882,-2.9809,,,180.0000,180.0000,103.0800,127.5600,,,180.0000,180.0000,,,1172.4000,1172.4000,,,,1294.9000,1294.9000
220,7.3330,0.5000,0.0000,0.0225,-2.7980,,,180.0000,180.0000,99.3300,67.9500,,,180.0000,180.0000,,,1172.4000,1172.4000,,,,1294.9000,1294.9000
221,7.3670,0.5000,0.0000,0.0909,-2.8955,,,180.0000,180.0000,97.9500,0.0000,,,180.0000,180.0000,,,1172.4000,1172.4000,,,,1294.9000,1294.9000
222,7.4000,0.5000,0.0000,-0.1126,-2.9263,,,180.0000,180.0000,96.3900,162.8000,,,180.0000,180.0000,,,1172.4000,1172.4000,,,,1294.9000,1294.9000
223,7.4330,0.5000,0.0000,-0.1182,-2.9189,,,180.0000,180.0000,98.3300,167.2300,,,180.0000,180.0000,,,1172.4000,1172.4000,,,,1294.9000,1294.9000
224,7.4670,0.5000,0.0000,0.0459,-2.9808,,,180.0000,180.0000,99.0100,53.7300,,,180.0000,180.0000,,,1172.4000,1172.4000,,,,1294.9000,1294.9000
225,7.5000,0.5000,0.0062,0.0059,-3.1765,,,180.0000,180.0000,121.1800,54.9700,,,180.0000,180.0000,,,1172.4000,1172.4000,,,,1294.9000,1294.9000
226,7.5330,0.5000,0.0075,0.0354,-3.0219,,,180.0000,180.0000,110.7300,46.4400,,,180.0000,180.0000,,,1172.4000,1172.4000,,,,1294.9000,1294.9000
227,7.5670,0.5000,0.0000,-0.0864,-3.0663,,,180.0000,180.0000,83.5600,158.5300,,,180.0000,180.0000,,,1172.4000,1172.4000,,,,1294.9000,1294.9000
228,7.6000,0.5000,0.0000,0.0546,-3.1865,,,180.0000,180.0000,96.6800,50.6800,,,180.0000,180.0000,,,1172.4000,1172.4000,,,,1294.9000,1294.9000
229,7.6330,0.5000,0.0000,-0.1220,-3.1043,,,180.0000,180.0000,98.9700,180.0000,,,180.0000,180.0000,,,1172.4000,1172.4000,,,,1294.9000,1294.9000
230,7.6670,0.5000,0.0000,-0.0495,-3.1521,,,180.0000,180.0000,67.3100,148.7500,,,180.0000,180.0000,,,1172.4000,1172.4000,,,,1294.9000,1294.9000
231,7.7000,0.5000,0.0000,0.0191,-3.0010,,,180.0000,180.0000,87.8900,81.7200,,,180.0000,180.0000,,,1172.4000,1172.4000,,,,1294.9000,1294.9000
232,7.7330,0.5000,0.0000,-0.1051,-3.0452,,,180.0000,180.0000,99.5400,146.0700,,,180.0000,180.0000,,,1172.4000,1172.4000,,,,1294.9000,1294.9000
233,7.7670,0.5000,0.0000,-0.0381,-3.1743,,,180.0000,180.0000,70.0200,134.6700,,,180.0000,180.0000,,,1172.4000,1172.4000,,,,1294.9000,1294.9000
234,7.8000,0.5000,0.0000,0.0752,-3.0117,,,180.0000,180.0000,77.6900,60.0400,,,180.0000,180.0000,,,1172.4000,1172.4000,,,,1294.9000,1294.9000
235,7.8330,0.5000,0.0000,0.0420,-3.2040,,,180.0000,180.0000,87.8400,68.9000,,,180.0000,180.0000,,,1172.4000,1172.4000,,,,1294.9000,1294.9000
236,7.8670,0.5000,0.0000,0.0221,-3.2098,,,180.0000,180.0000,81.6400,86.3100,,,180.0000,180.0000,,,1172.4000,1172.4000,,,,1294.9000,1294.9000
237,7.9000,0.5000,0.0000,0.1089,-3.1481,,,180.0000,180.0000,83.1400,24.2400,,,180.0000,180.0000,,,1172.4000,1172.4000,,,,1294.9000,1294.9000
238,7.9330,0.5000,0.0000,0.0588,-3.1850,,,180.0000,180.0000,95.5200,49.2500,,,180.0000,180.0000,,,1172.4000,1172.4000,,,,1294.9000,1294.9000
239,7.9670,0.5000,0.0000,0.1423,-2.9805,,,180.0000,180.0000,39.3200,54.9400,,,180.0000,180.0000,,,1172.4000,1172.4000,,,,1294.9000,1294.9000
240,8.0000,0.5000,0.0000,-0.0889,-3.0573,,,180.0000,180.0000,87.2900,152.8400,,,180.0000,180.0000,,,1172.4000,1172.4000,,,,1294.9000,1294.9000
241,8.0330,0.5000,0.0000,0.0769,-3.0134,,,180.0000,180.0000,78.1500,58.4200,,,180.0000,180.0000,,,1172.4000,1172.4000,,,,1294.9000,1294.9000
242,8.0670,0.5000,0.0000,-0.0535,-3.0203,,,180.0000,180.0000,84.9900,126.4600,,,180.0000,180.0000,,,1172.4000,1172.4000,,,,1294.9000,1294.9000
243,8.1000,0.5000,0.0000,0.1112,-3.1054,,,180.0000,180.0000,86.9200,0.0000,,,180.0000,180.0000,,,1172.4000,1172.4000,,,,1294.9000,1294.9000
244,8.1330,0.5000,0.0000,0.0558,-3.1933,,,180.0000,180.0000,91.5200,56.3100,,,180.0000,180.0000,,,1172.4000,1172.4000,,,,1294.9000,1294.9000
245,8.1670,0.5000,0.0000,0.1053,-3.0786,,,180.0000,180.0000,88.2500,14.7500,,,180.0000,180.0000,,,1172.4000,1172.4000,,,,1294.9000,1294.9000
246,8.2000,0.5000,0.0000,0.0365,-3.0026,,,180.0000,180.0000,84.0500,75.9900,,,180.0000,180.0000,,,1172.4000,1172.4000,,,,1294.9000,1294.9000
247,8.2330,0.5000,0.0000,0.0226,-3.0000,,,180.0000,180.0000,83.7600,83.9300,,,180.0000,180.0000,,,1172.4000,1172.4000,,,,1294.9000,1294.9000
248,8.2670,0.5000,0.0000,-0.0825,-3.1607,,,180.0000,180.0000,86.0000,148.3500,,,180.0000,180.0000,,,1172.4000,1172.4000,,,,1294.9000,1294.9000
249,8.3000,0.5000,0.0000,0.0837,-3.1828,,,180.0000,180.0000,83.1900,47.6100,,,180.0000,180.0000,,,1172.4000,1172.4000,,,,1294.9000,1294.9000
250,8.3330,0.5000,0.0000,0.0626,-3.0142,,,180.0000,180.0000,85.1100,59.4900,,,180.0000,180.0000,,,1172.4000,1172.4000,,,,1294.9000,1294.9000
251,8.3670,0.5000,0.0000,0.1128,-3.1468,,,180.0000,180.0000,81.2000,23.7600,,,180.0000,180.0000,,,1172.4000,1172.4000,,,,1294.9000,1294.9000
252,8.4000,0.5000,0.0000,0.1280,-3.1031,,,180.0000,180.0000,77.7200,0.0000,,,180.0000,180.0000,,,1172.4000,1172.4000,,,,1294.9000,1294.9000
253,8.4330,0.5000,0.0000,0.0697,-3.0026,,,180.0000,180.0000,72.8600,68.5400,,,180.0000,180.0000,,,1172.4000,1172.4000,,,,1294.9000,1294.9000
